DATE,Client Type,Future Index Long,Future Index Short,Future Stock Long,Future Stock Short,Option Index Call Long,Option Index Put Long,Option Index Call Short,Option Index Put Short,Option Stock Call Long,Option Stock Put Long,Option Stock Call Short,Option Stock Put Short,Total Long Contracts,Total Short Contracts
01122025,Client,56637,54296,275520,283774,25058319,27420968,24948136,27520279,1058148,389356,984065,403415,54258948,54193965
01122025,DII,91,1203,61466,48309,0,0,0,0,0,504,17356,0,62061,66868
01122025,FII,12005,11579,193885,200890,4026394,4521518,4034730,4507361,154510,85837,157568,87632,8994149,8999760
01122025,Pro,35285,36940,342620,340518,36970882,39905856,37072729,39820702,1670544,892575,1724213,877225,79817762,79872327
02122025,Client,60350,42998,239026,256829,45670736,52157673,45796088,52368665,865154,333091,805637,348060,99326030,99618277
02122025,DII,2139,9258,47715,87474,1000,0,0,0,150,0,17352,150,51004,114234
02122025,FII,9296,21985,266367,214424,7952276,7151326,7954036,7100643,138027,79071,139780,77268,15596363,15508136
02122025,Pro,36012,33556,326790,321171,84608293,90702421,84482181,90542112,1395398,791252,1435960,777936,177860166,177592916
03122025,Client,71647,54467,339310,331563,10054350,10556010,10073235,10592309,1135035,465424,997109,502121,22621776,22550804
03122025,DII,349,9577,68042,73916,0,180,0,1250,24,350,38760,60,68945,123563
03122025,FII,14462,28072,245422,282819,2337160,2160649,2321588,2134874,205587,102916,209665,98293,5066196,5075311
03122025,Pro,39240,33582,440029,404505,14469579,12802831,14466266,12791237,1903438,1082950,1998550,1051166,30738067,30745306
04122025,Client,53856,55180,262779,282593,11163095,9768233,11173037,9773729,1029004,442192,1009732,417915,22719159,22712186
04122025,DII,393,0,57057,81259,0,0,0,0,343,384,22108,0,58177,103367
04122025,FII,6379,15440,240830,207665,2246743,2572783,2272944,2573056,166523,85827,167688,88455,5319085,5325248
04122025,Pro,35475,25483,374794,363943,15472742,14129973,15436599,14124204,1812536,974590,1808878,996623,32800110,32755730
05122025,Client,69454,74630,353899,352520,22060122,19070490,22170322,18950330,1283650,635534,1295727,607444,43473149,43450973
05122025,DII,8972,0,57689,75496,0,2100,0,0,10,1013,21466,0,69784,96962
05122025,FII,11937,10709,271050,252349,3806747,4484397,3755218,4517024,210066,107725,218636,121852,8891922,8875788
05122025,Pro,45331,50355,450369,452642,32322599,30505692,32263928,30595325,2412562,1371977,2370459,1386953,67108530,67119662
08122025,Client,74680,72238,352004,369449,27073015,30184825,26656410,30325527,1329678,785433,1119022,824228,59799635,59366874
08122025,DII,267,0,93719,83130,25,430,50,3330,1380,58,42677,70,95879,129257
08122025,FII,10755,27982,275893,293968,5300434,5119834,5428973,5046545,256383,136561,252550,126073,11099860,11176091
08122025,Pro,58457,43939,517705,492774,46754484,46109805,47042525,46039492,2403585,1659057,2576777,1630738,97503093,97826245
09122025,Client,71859,68299,325334,327575,58728777,57751484,59037287,57860013,1102430,642628,1060475,652648,118622512,119006297
09122025,DII,1976,1400,56619,86020,0,664,0,574,1650,240,32389,0,61149,120383
09122025,FII,16100,20069,298179,277068,11205947,10124696,11081326,10036521,252548,136402,250915,137601,22033872,21803500
09122025,Pro,46916,47083,476331,465800,121488165,110994946,121304276,110974682,2273904,1460308,2286753,1449329,236740570,236527923
10122025,Client,58308,55930,276563,280038,13125596,13384220,13036441,13444148,1223111,639825,1097955,636952,28707623,28551464
10122025,DII,10,761,84941,71182,0,1000,0,1800,1737,135,18357,40,87823,92140
10122025,FII,11273,17114,258470,275073,2735377,2692251,2726223,2691991,217736,117792,228448,119610,6032899,6058459
10122025,Pro,35461,31247,412247,405928,18474422,17598353,18572731,17537885,2257948,1391566,2355772,1392716,40169997,40296279
11122025,Client,60076,58469,277792,285634,13257505,12218960,13458325,12075507,1160689,584249,1229595,535665,27559271,27643195
11122025,DII,304,0,55300,74015,0,1140,0,1700,43,287,16503,140,57074,92358
11122025,FII,15837,14482,273168,230126,3069447,3151516,3069194,3201049,241436,124454,238364,126330,6875858,6879545
11122025,Pro,41488,44754,392200,408685,20816220,18350220,20615653,18443580,2336704,1272263,2254410,1319118,43209095,43086200
12122025,Client,56287,53078,332551,321328,21143643,19317487,21187265,19292602,1469666,589863,1492660,550256,42909497,42897189
12122025,DII,7773,0,51819,48876,0,323,0,323,1221,132,19669,78,61268,68946
12122025,FII,9568,13000,247156,239312,3355404,3810199,3305787,3826632,263962,127544,260943,128764,7813833,7774438
12122025,Pro,33907,41457,398650,420660,27290205,26980054,27296200,26988506,2615750,1293879,2577327,1332320,58612445,58656470
15122025,Client,49976,48375,296794,272775,25791060,25061913,25759235,24952441,1266414,511352,1191681,505298,52977509,52729805
15122025,DII,1552,1600,68942,58547,0,0,0,0,100,0,3052,45,70594,63244
15122025,FII,11461,8970,208347,241696,4143555,4515445,4165298,4528195,237697,118414,244384,120201,9234919,9308744
15122025,Pro,30172,34216,361900,362965,38232896,37543169,38242978,37639891,2171803,1161214,2236897,1165436,79501154,79682383
16122025,Client,57050,54385,280756,283135,45586930,47856113,45528137,48214399,1300795,539264,1165376,580718,95620908,95826150
16122025,DII,1086,0,89719,77095,0,152,0,0,17,313,1311,0,91287,78406
16122025,FII,8571,17491,281981,328207,6622632,6238800,6652956,6154827,261763,138200,267014,143260,13551947,13563755
16122025,Pro,38632,33463,416913,380932,79886997,81612775,79915466,81338614,2257625,1300828,2386499,1254627,165513770,165309601
17122025,Client,43616,39758,260485,266841,9929961,10522380,9922778,10551382,1282049,595787,1214155,594861,22634278,22589775
17122025,DII,1081,0,101405,94126,2927,976,0,4326,0,64,5164,0,106453,103616
17122025,FII,6986,14791,249684,261582,2000904,1882646,2020578,1888634,281666,152447,283198,146593,4574333,4615376
17122025,Pro,28855,25989,385971,374996,13484156,12509238,13474592,12470898,2324216,1347359,2385414,1354203,30079795,30086092
18122025,Client,54323,56049,311940,330934,11251747,10808265,11327616,10793511,1481033,695633,1529982,672926,24602941,24711018
18122025,DII,94,263,169132,168025,0,947,0,1747,364,0,9295,0,170537,179330
18122025,FII,10610,11442,393607,362542,2583128,2576975,2577538,2590969,334956,170087,337700,172635,6069363,6052826
18122025,Pro,43944,41217,426416,439594,17339100,15047143,17268821,15047103,2902565,1566488,2841941,1586647,37325656,37225323
19122025,Client,45761,54539,393780,399232,17544228,16268024,17707986,16223870,1818276,807886,1931656,748101,36877955,37065384
19122025,DII,116,160,142861,176284,0,500,0,0,227,0,359,0,143704,176803
19122025,FII,14594,7897,434367,366315,2909490,3259293,2851337,3307415,374339,182026,377881,189213,7174109,7100058
19122025,Pro,35898,33773,518044,547221,23461847,23642522,23356242,23639054,3548519,1844757,3431465,1897355,53051587,52905110
22122025,Client,39661,48380,464197,464178,16312853,15409464,16331903,15234379,2297276,933719,2322112,867476,35457170,35268428
22122025,DII,235,585,261827,257592,0,2214,0,596,4187,700,13490,320,269163,272583
22122025,FII,21880,7796,469019,456314,2505505,3073765,2464034,3096178,449373,212096,449486,211297,6731638,6685105
22122025,Pro,21714,26729,505860,522819,23252564,25450806,23274985,25605096,4014893,2144202,3980641,2211624,55390039,55621894
23122025,Client,34009,40122,535829,534004,43544084,41411240,43609190,41621644,1876905,798891,1895309,817360,88200958,88517629
23122025,DII,67,1632,509342,514354,0,1020,0,1181,1233,430,2058,58,512092,519283
23122025,FII,19510,8567,848082,818768,5120093,5747827,5163626,5730706,423520,222275,420153,203904,12381307,12345724
23122025,Pro,21365,24630,509335,535462,76289456,79713452,76180817,79520008,3613111,2040343,3597249,2040617,162187062,161898783
24122025,Client,44366,45109,645264,632153,8593966,8562273,8537310,8689545,2044011,855118,2060456,885818,20744998,20850391
24122025,DII,70,5773,412939,404927,0,526,0,610,610,0,1439,0,414145,412749
24122025,FII,11541,10760,1315673,1319357,1076539,1202257,1085700,1180279,459282,224412,443879,225503,4289704,4265478
24122025,Pro,57766,52101,1545372,1562811,14336017,14012425,14383512,13907047,4212742,2412858,4210871,2381067,36577180,36497409
26122025,Client,62794,46129,795893,799835,13128941,14080142,13051830,14204254,2281564,1041330,2283106,1053890,31390664,31439044
26122025,DII,42743,39669,826364,841798,1000,243,0,282,17953,345,1199,48,888648,882996
26122025,FII,46615,56717,1872777,1854014,2819564,2517332,2831095,2465254,426425,203412,428438,199434,7886125,7834952
26122025,Pro,40666,50303,810253,809640,20681360,18398897,20747940,18326824,4357717,2371592,4370916,2363307,46660485,46668930
29122025,Client,82089,72868,940693,929367,20802315,23146562,20779833,23112834,2035844,1184331,2074946,1196842,48191834,48166690
29122025,DII,46529,42797,990531,990495,0,5035,0,1020,9614,3948,6852,54,1055657,1041218
29122025,FII,59187,74974,1193829,1202414,4308855,4289887,4313864,4290768,361157,187315,377479,196256,10400230,10455755
29122025,Pro,47157,44323,886549,889326,33435534,34077123,33453007,34113985,4270696,2547064,4218034,2529506,75264123,75248181
30122025,Client,130411,113636,1103728,1120794,54010324,51695542,54305526,51781541,1434787,868039,1629410,832979,109242831,109783886
30122025,DII,6778,7587,1006988,1064364,0,1237,0,2483,11328,11809,14127,1297,1038140,1089858
30122025,FII,56674,66415,608644,518912,9187082,8383086,9159203,8334052,148395,91241,150163,86453,18475122,18315198
30122025,Pro,66377,72602,1158761,1174051,113740059,97197468,113472736,97159257,2946636,1742097,2747446,1792457,216851398,216418549
31122025,Client,66447,68814,371504,381193,12963282,10841890,13134615,10717285,1101489,432468,1103229,420206,25777080,25825342
31122025,DII,4448,39,50441,70764,0,5750,0,2178,0,4652,45831,102,65291,118914
31122025,FII,10841,12665,273940,231305,2094936,2381222,2053884,2388003,164280,94160,167638,99587,5019379,4953082
31122025,Pro,38596,38814,441947,454570,17629091,15401218,17498810,15522614,1937864,1019079,1886935,1030464,36467795,36432207
01012026,Client,28343,27445,341531,303511,9458318,9225905,9359505,9228858,1121455,494640,1064067,519148,20670192,20502534
01012026,DII,667,7,36282,43385,0,50,0,0,10280,50,50538,40,47329,93970
01012026,FII,6338,4378,136150,148458,1493907,1789297,1493499,1807228,35681,31082,40494,32147,3492455,3526204
01012026,Pro,15174,18692,356666,375275,13617901,14649550,13717122,14628716,1808323,1028793,1820640,1003230,31476407,31563675
02012026,Client,49373,62008,418354,419786,19779515,16202304,20003882,16084693,1751857,623277,1764028,607810,38824680,38942207
02012026,DII,5870,3025,83703,61225,0,1600,0,0,5000,180,54500,0,96353,118750
02012026,FII,22349,8669,284073,282868,2888664,3255131,2833709,3320191,209940,102298,204175,103237,6762455,6752849
02012026,Pro,28231,32121,473858,496109,25743491,24295794,25574079,24349945,2819041,1341056,2763135,1355764,54701471,54571153
05012026,Client,60106,61295,402396,392601,31843570,32518983,31505758,32668702,1633376,566662,1474221,594550,67025093,66697127
05012026,DII,124,307,95478,48063,0,0,0,0,3400,0,58246,0,99002,106616
05012026,FII,17982,15759,302154,348853,5563247,5755461,5633610,5700506,264083,146923,268926,146769,12049850,12114423
05012026,Pro,43920,44771,513500,524011,49037286,49157536,49304735,49062772,2854586,1542506,2954052,1514772,103149334,103405113
06012026,Client,49677,46203,417494,395631,54385166,60442896,54559567,60541615,1705316,674942,1565305,698076,117675491,117806397
06012026,DII,242,0,47793,51552,0,0,0,0,4000,0,39888,0,52035,91440
06012026,FII,2883,2115,90352,109063,1122984,1060042,1140659,1063990,214304,101978,214536,99498,2592543,2629861
06012026,Pro,43738,48222,856572,855965,108495536,112738727,108303460,112636060,3148202,1794150,3252093,1773496,227076925,226869296
07012026,Client,49690,46052,401937,395540,13414844,14188180,13362144,14260601,1781114,680232,1681917,692819,30515997,30439073
07012026,DII,545,179,79587,88104,0,0,0,0,2368,523,49853,60,83023,138196
07012026,FII,10770,19154,316020,339807,2755628,2452190,2770580,2447525,242078,134866,247481,133694,5911552,5958241
07012026,Pro,31580,27200,548906,522999,18942996,17763638,18980744,17695882,3084897,1667125,3131206,1656173,42039142,42014204
08012026,Client,77373,66932,433794,435517,13684373,14838634,13437251,14894992,1600867,753137,1443861,824951,31388178,31103504
08012026,DII,2347,6500,103248,78606,0,0,0,1280,6402,557,36146,150,112554,122682
08012026,FII,17452,48527,335000,390888,3789606,3879063,3891194,3847022,310228,165513,314705,153189,8496862,8645525
08012026,Pro,65957,41170,634326,601357,25069110,22143226,25214644,22117629,3081638,1933161,3204423,1874078,52927418,53053301
09012026,Client,75130,67151,407350,431785,23491301,31640947,23544687,31690101,1501594,786836,1398974,826700,57903158,57959398
09012026,DII,603,26,70446,94009,7103,3076,0,1315,3122,752,26700,143,85102,122193
09012026,FII,17850,36566,353893,343016,5552149,5680893,5499060,5650853,287245,167328,286832,165392,12059358,11981719
09012026,Pro,53297,43137,654024,616903,40641530,41121003,40648336,41103650,3079125,1954812,3158580,1917493,87503791,87488099
12012026,Client,88333,81841,361268,347829,40797230,39859726,40977790,39815110,1519260,736929,1477996,715025,83362746,83415591
12012026,DII,25,0,23561,44663,0,0,4000,450,5558,0,10486,0,29144,59599
12012026,FII,4686,5550,97199,79116,1748816,1575527,1745227,1580369,266631,137095,264783,137086,3829954,3812131
12012026,Pro,88145,93798,890941,901361,82131487,69568774,81950516,69608098,3182484,1783793,3220668,1805706,157645624,157580147
13012026,Client,65853,61421,331526,333038,72041891,73883474,72186964,73972574,1514219,635475,1409387,642164,148472438,148605548
13012026,DII,941,480,115303,90449,0,0,0,720,8124,300,24712,0,124668,116361
13012026,FII,18191,22437,311134,346769,13906568,14347781,13951664,14352151,344600,177082,345471,177260,29105356,29195752
13012026,Pro,46023,46670,554268,541975,152138357,150392172,151948188,150297982,2976651,1641753,3064024,1635186,307749224,307534025
14012026,Client,52386,51914,366746,355000,13844398,13447863,13874721,13454902,1727196,660140,1732488,658487,30098729,30127512
14012026,DII,2338,6,86446,102210,10655,0,0,700,7135,371,16796,30,106945,119742
14012026,FII,17152,18631,334154,328518,3034673,3016209,3054804,3027017,361072,194131,354745,190870,6957391,6974585
14012026,Pro,35783,37108,547758,549376,19943321,17258245,19903522,17239698,3510031,1745914,3501405,1751169,43041052,42982278
16012026,Client,75945,75085,453425,438135,29413289,28569950,29472667,28670239,2193881,830883,2144845,844136,61537373,61645107
16012026,DII,1012,564,113050,125422,0,11100,10655,0,14495,0,15338,48,139657,152027
16012026,FII,27112,18353,444571,435624,5642047,5849224,5588192,5801359,446985,229995,450417,229314,12639934,12523259
16012026,Pro,44509,54576,682835,694700,43903916,41699489,43887738,41658165,4344570,2219944,4389331,2207324,92895263,92891834
19012026,Client,64270,60301,459592,441213,34232167,34841249,34149952,34788122,2055425,899717,1947271,875323,72552420,72262182
19012026,DII,371,303,160558,134097,0,795,0,1600,5183,0,42421,0,166907,178421
19012026,FII,20328,23050,404481,433625,6892464,6585342,6921570,6602189,483788,266582,495329,273170,14652985,14748933
19012026,Pro,41099,42414,700040,715736,58854602,51483612,58907711,51519087,4706148,2538429,4765523,2556235,118323930,118506706
20012026,Client,83638,78031,537091,582218,58819699,73662916,58773602,73901214,1930507,1007912,1912781,1063671,136041763,136311517
20012026,DII,2212,2957,359620,318618,200,14032,107,14000,8696,635,12554,206,385395,348442
20012026,FII,25178,33648,461330,463301,10449116,11347973,10619746,11266525,537517,291387,541119,275073,23112501,23199412
20012026,Pro,59195,55587,796554,790458,124416860,129353061,124292420,129196243,4813007,2773372,4823273,2734356,262212049,261892337
21012026,Client,131636,134485,908191,916630,18824232,22498364,18928102,22445624,1934900,1297565,1989458,1247217,45594888,45661516
21012026,DII,11717,8290,726279,726802,0,11349,0,250,3580,826,8666,264,753751,744272
21012026,FII,51025,54180,2119610,2094337,5786526,5413277,5843067,5415035,644805,399359,650875,396586,14414602,14454080
21012026,Pro,100397,97820,1186181,1202492,32320900,30761378,32160489,30823459,5389639,3439060,5323925,3492743,73197555,73100928
22012026,Client,115148,118388,908822,894533,18254666,16936568,18308158,17050606,1953315,997208,2079988,963118,39165727,39414791
22012026,DII,49158,46047,1067662,1069444,0,1375,0,0,4655,3071,7928,82,1125921,1123501
22012026,FII,76213,87691,2669857,2640544,5126398,5886138,5115873,5903146,478060,278148,477397,295788,14514814,14520439
22012026,Pro,89733,78126,1111749,1153569,27117088,29138893,27074121,29009222,4951554,2882584,4822271,2902023,65291601,65039332
23012026,Client,112663,104832,1143864,1187705,28165948,36475965,28050410,36596690,2152692,1334654,2266512,1350639,69385786,69556788
23012026,DII,33590,31830,1226212,1204863,0,8629,0,8629,11945,5987,8575,6077,1286363,1259974
23012026,FII,80960,92293,2040237,2042175,6395817,7468042,6318693,7417980,458728,276873,458374,272913,16720657,16602428
23012026,Pro,75328,73586,1401141,1376711,43206723,50912557,43399385,50841894,4944473,3321022,4834377,3308907,103861244,103834860
27012026,Client,176994,172780,1346499,1356456,75639429,70851907,76172543,70768401,1472746,1045083,1702948,914795,150532658,151087923
27012026,DII,15611,14525,1133079,1173824,0,9829,107,752,30114,15909,19074,2862,1204542,1211144
27012026,FII,74199,92389,943490,839916,16157433,15205242,15967666,15392579,146995,130653,182928,142385,32658012,32617863
27012026,Pro,115042,102152,1621780,1674652,167161275,148591100,166817821,148496346,3395059,2099603,3139964,2231206,322983859,322462141
28012026,Client,82429,76290,442202,434587,10552586,9951681,10533752,9957184,1422260,543469,1405982,542351,22994627,22950146
28012026,DII,7070,7521,111922,71031,0,0,0,0,0,3139,19278,293,122131,98123
28012026,FII,23057,21987,380122,392868,2511043,2485975,2538554,2467465,182301,109381,180141,113348,5691879,5714363
28012026,Pro,48291,55049,605596,641356,12904557,11840911,12895880,11853918,2543473,1322464,2542633,1322461,29265292,29311297
29012026,Client,80925,81717,455044,400860,9937446,8875731,10042202,8879468,1273081,503467,1204332,523536,21125694,21132115
29012026,DII,24300,3400,126361,90821,0,16500,200,0,276,1020,15747,0,168457,110168
29012026,FII,18448,29441,381741,463820,2648770,2407353,2648812,2430423,192009,102070,194952,106988,5750391,5874436
29012026,Pro,62878,71993,629280,636925,13035438,11283164,12930440,11272857,2314965,1269804,2365300,1245837,28595529,28523352
30012026,Client,73840,72008,392478,404808,17256957,16620218,17105449,16631857,1366620,560487,1268282,598443,36270600,36080847
30012026,DII,3204,95,124337,67822,0,0,400,0,141,269,26432,150,127951,94899
30012026,FII,20423,28697,372201,442786,3367141,3218726,3345121,3168384,203910,103778,210479,102580,7286179,7298047
30012026,Pro,54616,51283,653192,626792,20063411,18899583,20236539,18938286,2507055,1436923,2572533,1400284,43614780,43825717
01022026,Client,156327,153705,588708,634288,33678174,32819044,33373462,32998699,2134309,717068,1914541,772855,70093630,69847550
01022026,DII,4649,12374,114590,47668,400,25248,685,100,398,0,53740,667,145285,115234
01022026,FII,22568,31965,159021,187671,6542379,6096008,6667723,6036037,77627,57807,76089,50721,12955410,13050206
01022026,Pro,139477,124977,865606,858298,60733419,56657881,60912502,56563345,3620351,1736895,3788315,1687527,123753629,123934964
02022026,Client,89622,96523,383510,394656,41198173,36470247,41430194,36350415,1397140,593064,1327340,554310,80131756,80153438
02022026,DII,5123,461,93784,93138,0,5400,400,292,2910,215,81450,0,107432,175741
02022026,FII,44002,37922,480260,465174,8215773,7011953,8154403,7041613,295156,112554,294376,119882,16159698,16113370
02022026,Pro,71733,75574,706871,711457,70890248,58453246,70719197,58548526,3094801,1631728,3086841,1663369,134848627,134804964
03022026,Client,148874,174614,537679,594160,65715904,60504549,65861774,60466479,1712795,729539,1881029,677706,129349340,129655762
03022026,DII,18577,965,179897,102645,1885,8400,0,29775,7320,2199,19439,2056,218278,154880
03022026,FII,83159,43472,589965,535688,13724643,12836812,13752938,12929569,266254,193709,261323,205618,27694542,27728608
03022026,Pro,154138,185697,904622,979670,132231843,132797580,132059563,132721518,3772092,2040582,3596670,2080649,271900857,271623767
04022026,Client,50328,57021,453804,445641,11987444,11174083,12103087,11061949,1857620,790177,1833761,783011,26313456,26284470
04022026,DII,1439,7719,93860,77153,0,3400,125,10100,4910,88,34754,143,103697,129994
04022026,FII,26987,16851,435242,434357,2548413,2599229,2522602,2656364,295914,172012,305638,160507,6077797,6096319
04022026,Pro,43249,40412,640822,666577,15644101,13875405,15554144,13923704,3388962,1931687,3373253,1950303,35524226,35508393
05022026,Client,47941,40611,352456,327642,9862476,10551040,9717800,10602697,1434938,642118,1287854,653529,22890969,22630133
05022026,DII,476,1767,70634,65816,0,0,0,0,2556,0,40524,0,73666,108107
05022026,FII,22243,18949,311622,351495,2663087,2718806,2667871,2658858,233723,129175,244196,126789,6078656,6068158
05022026,Pro,28858,38191,542062,531821,13827841,13586017,13967733,13594308,2566209,1520167,2664852,1511142,32071154,32308047
06022026,Client,62399,60537,353131,358025,23823429,24509573,23926880,24490931,1639740,740450,1512690,740004,51128722,51089067
06022026,DII,1151,336,99121,62638,240,1900,150,1538,1161,1161,62766,1161,104734,128589
06022026,FII,12130,18358,317498,351354,5251648,5113848,5209602,5090802,275401,154711,285742,148006,11125236,11103864
06022026,Pro,47193,43642,554970,552703,35377990,31677112,35316675,31719162,3065635,1709470,3120739,1716621,72432370,72469542
09022026,Client,48409,58860,382459,383602,25570990,22068638,25530646,22071133,1842987,726594,1853263,669040,50640077,50566544
09022026,DII,5722,1870,80823,61521,400,120,175,1538,34,0,22856,35,87099,87995
09022026,FII,14888,10557,340919,329667,4189130,4716958,4137873,4740715,274530,146263,272026,156651,9682688,9647489
09022026,Pro,38437,36169,521165,550576,36985318,35308684,37077144,35281014,3295481,1715893,3264887,1763024,77864978,77972814
10022026,Client,38673,51169,355357,348711,59466659,59355852,59664137,59496148,1839737,654664,1773843,651992,121710942,121986000
10022026,DII,141,986,88639,67679,0,1230,36,0,9539,33,13336,0,99582,82037
10022026,FII,23414,11109,276058,294014,7948365,8795272,7972215,8895394,315127,166503,327961,163900,17524739,17664593
10022026,Pro,26431,25395,517062,526712,104267661,111700554,104046297,111461366,3205843,1701345,3255106,1706653,221418896,221021529
11022026,Client,35597,41033,384663,391846,10511023,11335520,10519880,11330273,2211703,881984,2144252,845026,25360490,25272310
11022026,DII,5,2346,94161,51248,0,0,37,0,4721,0,20248,468,98887,74347
11022026,FII,14701,13302,315522,323978,2070761,2376140,2079464,2411127,315380,164602,326408,172173,5257106,5326452
11022026,Pro,30434,24056,554900,582174,13219588,14017848,13201991,13988108,3829497,2016567,3870393,2045486,33668834,33712208
12022026,Client,44394,45634,404544,392168,9567600,10896361,9473253,11002994,2087521,957044,1972211,966101,23957464,23852361
12022026,DII,182,5610,95661,95548,107,107,40,800,7559,2836,19741,3072,106452,124811
12022026,FII,15706,16698,345689,359892,2329110,2941763,2356124,2920304,392660,205267,415849,197290,6230195,6266157
12022026,Pro,34498,26838,601113,599399,13672175,14080351,13739575,13994484,3812065,2261936,3892004,2260620,34462138,34512920
13022026,Client,74260,66954,447978,427869,17682095,22992166,17731345,23212177,2195608,1193901,2058715,1242931,44586008,44739991
13022026,DII,888,598,103372,110596,0,0,0,4500,6044,6066,40272,1042,116370,157008
13022026,FII,11456,25822,359891,397689,4075556,4411170,4031878,4286062,448043,218504,449732,212001,9524620,9403184
13022026,Pro,54912,48142,711130,686217,28677548,29087847,28671976,28988444,4298212,2742228,4399188,2704725,65571877,65498692
16022026,Client,57605,60760,334698,349064,32087799,26072647,32230061,25924054,1859428,805658,1906616,791825,61217835,61262380
16022026,DII,1036,0,70995,64294,0,330,0,1700,3015,352,12418,65,75728,78477
16022026,FII,16047,13612,304704,298837,5894122,5429367,5885927,5472039,363112,193504,366387,194305,12200856,12231107
16022026,Pro,44009,44325,508839,507041,49265262,40116199,49131195,40220750,3732099,2126120,3672233,2139439,95792528,95714983
17022026,Client,52634,50366,452866,445360,70061820,62947216,70176143,62847766,1966901,785034,1990236,797187,136266471,136307058
17022026,DII,977,2832,199807,160033,0,0,0,3400,3173,756,11670,1524,204713,179459
17022026,FII,15171,11291,341283,372984,11498775,10624322,11529991,10725964,446091,235935,444226,229802,23161577,23314258
17022026,Pro,36968,41261,542887,558466,134743914,132342613,134598375,132337021,3926735,2154848,3896768,2148060,273747965,273579951
18022026,Client,48994,55898,554708,537236,13971321,11688245,14031166,11626485,2044617,871660,2119843,846681,29179545,29217309
18022026,DII,289,4572,300812,270152,200,200,15,0,2164,344,3160,2331,304009,280230
18022026,FII,23432,16768,657940,661565,2780212,2966409,2775659,3000777,464267,225340,464769,226709,7117600,7146247
18022026,Pro,38311,33788,577366,621873,17830704,15483987,17775597,15511579,4276521,2339975,4199797,2361598,40546864,40504232
19022026,Client,96627,81481,752105,777377,13201194,15174146,13040973,15450283,1843961,912949,1886191,968052,31980982,32204357
19022026,DII,9095,16589,754450,685648,0,0,0,1700,1662,0,1222,0,765207,705159
19022026,FII,24284,27068,1626974,1660703,3339518,3731628,3384972,3676055,493740,273097,495788,261021,9489241,9505607
19022026,Pro,79484,84352,1700583,1710384,21776673,22307808,21891440,22085544,4497977,2909417,4454139,2866390,53271942,53092249
20022026,Client,82327,96020,837017,875928,30770349,24788437,31026369,24750104,2092554,1069205,2259334,1021201,59639889,60028956
20022026,DII,39702,37767,934346,928436,0,3400,0,0,15423,1919,6504,442,994790,973149
20022026,FII,63913,59705,2451990,2381229,6136123,5609017,6051977,5641815,463633,256919,465453,249956,14981595,14850135
20022026,Pro,75580,68030,981186,1018946,39068881,32583146,38897007,32592081,4579076,2637428,4419395,2693872,79925297,79689331
23022026,Client,86357,92946,920350,945434,34067564,33596967,33891928,33596717,1856421,1068546,1987525,1055650,71596205,71570200
23022026,DII,54543,58982,1132443,1098502,0,18472,0,5793,24514,3313,16699,2874,1233285,1182850
23022026,FII,90948,86369,1760935,1719772,6429152,7136763,6439824,7107852,394595,234152,390263,238250,16046545,15982330
23022026,Pro,59542,53093,1055077,1105097,49337569,47856804,49502533,47898644,4289806,2763743,4170849,2772980,105362541,105503196
24022026,Client,145448,121880,1066671,1059964,66265642,81743158,66227728,81882227,1314173,967500,1440941,972409,151502592,151705149
24022026,DII,23038,27173,896470,905241,645,19114,222,23114,25249,15495,22696,4375,980011,982821
24022026,FII,42117,61224,610163,606369,14150160,15401720,14255873,15450872,122848,82247,131257,96400,30409255,30601995
24022026,Pro,80179,80505,1245628,1247358,139410293,145935740,139342917,145743519,2957215,2129227,2824591,2121285,291758282,291360175
25022026,Client,68233,73187,401449,389323,14003565,14056938,13994485,14068672,1160444,504730,1123699,501530,30195359,30150896
25022026,DII,26,4251,60514,76754,0,0,0,0,200,7058,32172,533,67798,113710
25022026,FII,15123,13533,325075,309734,2999352,3358205,3007629,3373985,157653,107444,162218,103145,6962852,6970244
25022026,Pro,47203,39614,501558,512785,17993684,17696991,17994487,17669477,2157597,1242224,2157805,1256248,39639257,39630416
26022026,Client,49955,48356,372037,349880,12802893,13283283,12807769,13329919,948790,406641,931812,414418,27863599,27882154
26022026,DII,408,312,78471,91302,0,280,0,0,589,3299,21536,1350,83047,114500
26022026,FII,10975,9474,295159,295618,3240843,3780109,3258950,3774785,150560,93676,150642,95371,7571322,7584840
26022026,Pro,26597,29793,441646,450513,19274909,19156698,19251926,19115666,1800047,1025753,1795996,1018230,41725650,41662124
27022026,Client,97223,79041,339241,306662,22983174,30390031,22916467,30578393,927421,442703,824452,486431,55179793,55191446
27022026,DII,626,1035,80668,120957,0,0,0,604,3242,3931,30167,912,88467,153675
27022026,FII,9735,31123,331739,363138,5099763,5796498,5098165,5711163,133971,85164,140243,86840,11456870,11430672
27022026,Pro,52013,48398,489920,450811,36726272,37927835,36794577,37824204,1665113,1090075,1734885,1047690,77951228,77900565
02032026,Client,110605,107291,381092,408164,64618579,80176347,64665851,79942872,1026078,635261,976039,649978,146947962,146750195
02032026,DII,13614,3224,92709,89222,458,762,458,3680,3358,856,49018,1199,111757,146801
02032026,FII,18827,38932,368823,364935,14413207,14702856,14389033,14873233,187358,106732,189135,103324,29797803,29958592
02032026,Pro,81085,74684,612124,592427,147788507,151145271,147765409,151205451,2245356,1564136,2247958,1552484,303436479,303438413
04032026,Client,121484,109534,402321,371418,11747899,10934829,11672536,10866696,1125905,776783,1009777,780555,25109221,24810516
04032026,DII,2059,18124,92136,106453,75,477,825,7889,1586,0,94704,959,96333,228954
04032026,FII,29467,48707,417889,431291,3501279,2245953,3521124,2267860,200607,119332,203510,109783,6514527,6582275
04032026,Pro,103943,80588,626715,629899,15897432,11124549,15952200,11163363,2332916,1723479,2353023,1728297,31809034,31907370
05032026,Client,91438,98618,420743,421241,12470664,10545225,12471338,10586635,1247761,565237,1249522,555651,25341068,25383005
05032026,DII,4239,600,113017,100409,799,245,0,8368,1151,0,20337,40,119451,129754
05032026,FII,31282,29417,364714,379386,3830115,3098145,3873688,3076700,195758,141940,203051,139666,7661954,7701908
05032026,Pro,64979,63303,605294,602732,19184850,14851488,19141402,14823400,2442823,1363297,2414583,1375117,38512731,38420537
06032026,Client,87428,74262,354503,337209,16953982,18957390,16865978,19175362,1362113,566628,1299747,598775,38282044,38351333
06032026,DII,472,2012,87867,93116,0,0,970,4320,2617,321,38915,100,91277,139433
06032026,FII,20056,32499,354262,369313,4660633,4098503,4712323,4010162,77217,61623,81909,50269,9272294,9256475
06032026,Pro,54200,53383,505349,502343,24100505,22952380,24135849,22818429,2464168,1341365,2485544,1320793,51417967,51316341
09032026,Client,126472,122875,413063,432945,25486591,22816286,25482613,22662004,1260407,711100,1166370,724254,50813919,50591061
09032026,DII,2176,2220,104514,139112,604,458,750,2838,37309,369,73146,1770,145430,219836
09032026,FII,45119,64730,400661,365459,6170470,4170725,6153851,4228292,199265,97806,203801,92081,11084046,11108214
09032026,Pro,117956,101898,692134,672856,38629054,29064870,38649505,29159205,2755223,1806316,2808887,1797486,73065553,73189837
10032026,Client,83302,82544,374493,336512,68706325,61621293,68880916,61393096,1190501,466995,1179560,436684,132442909,132309312
10032026,DII,253,1938,72235,91751,0,3500,0,4577,1237,40,28186,80,77265,126532
10032026,FII,33175,26343,367022,356638,13073326,12622216,13108183,12773952,124889,82754,126443,84969,26303382,26476528
10032026,Pro,59317,65222,519570,548419,142808837,140168640,142599389,140244024,2459434,1255482,2441872,1283538,287271280,287182464
11032026,Client,111388,98687,348555,363165,9257117,11528905,9101461,11642605,1367113,605483,1223826,632935,23218561,23062679
11032026,DII,7052,1455,89184,53708,75,2670,77,2981,17323,438,59887,0,116742,118108
11032026,FII,21351,40582,306140,337402,2690575,2708534,2746659,2672183,179033,100299,185943,100978,6005932,6083747
11032026,Pro,71887,70954,520484,510088,12611628,13073716,12711198,12996056,2534456,1523691,2628269,1495998,30335862,30412563
12032026,Client,107751,99451,380759,382050,10109023,9352015,10093421,9294935,1332161,644202,1289451,638730,21925911,21798038
12032026,DII,5720,2168,84660,97625,0,0,306,2702,15786,0,43677,134,106166,146612
12032026,FII,23962,43988,347199,349454,3106954,2582946,3136406,2623435,200522,113599,204950,109909,6375182,6468142
12032026,Pro,86809,78635,604599,588088,15080004,11618116,15065848,11632005,2761797,1580573,2772188,1589601,31731898,31726365
13032026,Client,149431,132600,433942,451415,17543443,21920273,17544642,21953747,1490393,794841,1340015,832463,42332323,42254882
13032026,DII,6328,1182,128975,122614,804,700,1204,2657,44062,501,49996,225,181370,177878
13032026,FII,40167,74380,364561,376102,4328266,3622144,4374403,3578869,225778,114988,230077,116606,8695904,8750437
13032026,Pro,94426,82190,673521,650868,25018165,23340778,24970429,23348622,3003431,1878879,3143576,1839915,54009200,54035600
16032026,Client,125159,138604,383712,407452,33523380,30811622,33538436,30802598,1263526,691201,1265570,649664,66798600,66802324
16032026,DII,4472,1576,117961,96579,1298,0,987,0,17414,4717,51443,4484,145862,155069
16032026,FII,46572,34801,377463,371696,7809494,6974887,7793617,7004310,219805,127121,222464,127638,15555342,15554526
16032026,Pro,99476,100698,647549,650958,54251657,43513414,54252789,43493015,2929372,1711159,2890640,1752412,103152627,103140512
17032026,Client,92359,99260,323653,320150,77979716,70649850,78213581,70431206,1182311,525985,1202016,504495,150753874,150770708
17032026,DII,127,4375,87056,64340,684,16847,692,16901,17662,1819,35267,2265,124195,123840
17032026,FII,31327,23333,347538,362289,15401697,13350993,15310161,13474867,224851,130060,233655,125630,29486466,29529935
17032026,Pro,64039,60884,522816,534284,163428100,162352287,163285763,162447003,2757834,1475484,2711720,1500958,330600560,330540612
18032026,Client,88603,95265,395455,394255,13026435,9696974,13045314,9705298,1685241,638157,1705301,601727,25530865,25547160
18032026,DII,925,5648,120298,73844,53,1550,0,1,1513,833,12295,2341,125172,94129
18032026,FII,33050,18072,317634,355164,2546654,2327307,2557216,2341702,250877,139595,249117,143303,5615117,5664574
18032026,Pro,59196,62789,558676,568800,16264922,12237321,16235534,12216151,3391451,1733174,3362369,1764388,34244740,34210031
19032026,Client,139216,117190,424794,421791,9889003,10678972,9816969,10820475,1351802,795791,1260557,872407,23279578,23309389
19032026,DII,2487,5110,219547,122044,2805,3000,600,500,36695,106,38756,105,264640,167115
19032026,FII,43612,46767,376505,502843,3596145,2575221,3644438,2535528,285473,159525,295416,142184,7036481,7167176
19032026,Pro,81317,97565,720093,694261,16976713,14443099,17002659,14343789,3246979,2174050,3326220,2114776,37642251,37579270
20032026,Client,112090,115440,425048,392921,20258251,20951583,20243310,20995645,1764921,844614,1738452,824692,44356507,44310460
20032026,DII,836,2899,123518,148085,403,5200,183,0,12455,19,33401,502,142431,185070
20032026,FII,37817,43373,459601,463566,3721815,3888371,3746532,3862717,287299,190489,293784,188199,8585392,8598171
20032026,Pro,89133,78164,677470,681065,24087516,23673352,24077960,23660144,3812072,2226472,3811110,2248201,54566015,54556644
23032026,Client,122269,120415,483037,530667,21047633,25659087,20998081,25627819,1547043,1073336,1443306,1077299,49932405,49797587
23032026,DII,12296,135,240268,214658,1086,604,1031,0,68445,1866,69611,2327,324565,287762
23032026,FII,44340,53793,499860,499475,4834869,4315466,4841524,4315892,322235,158854,341773,154382,10175624,10206839
23032026,Pro,84367,88929,790990,769355,33989318,31187693,34032270,31219139,3622484,2513984,3705517,2514032,72188836,72329242
24032026,Client,146351,147624,804613,804756,73978773,66487613,74107898,66341933,1487355,761395,1627750,729665,143666100,143759626
24032026,DII,17532,13451,741404,713643,1753,1450,1283,5212,3255,1441,13654,1216,766835,748459
24032026,FII,71391,76142,2590711,2602565,17937628,12763106,17992422,12905136,304996,205481,310193,209168,33873313,34095626
24032026,Pro,105029,103086,1155164,1170928,152352140,145795308,152168691,145795196,3856354,2213759,3700363,2242027,305477754,305180291
25032026,Client,124978,138744,801894,825144,10482333,8216366,10585822,8207435,1758685,871680,1957766,820771,22255936,22535682
25032026,DII,34718,33076,1077081,1001327,400,858,292,2600,43336,4601,14544,2264,1160994,1054103
25032026,FII,72874,62288,2925797,2935759,2432142,2190239,2389834,2209231,285673,179140,273120,173683,8085865,8043915
25032026,Pro,73615,72077,1185008,1227550,12979015,10340891,12917942,10329088,4102873,2336732,3945137,2395435,31018134,30887229
27032026,Client,191360,160585,1036351,1033007,16334667,21007279,16319052,21077916,1749946,1209537,1747714,1246021,41529140,41584295
27032026,DII,35699,31783,1179211,1142281,165,515,0,150,51881,11759,28740,10761,1279230,1213715
27032026,FII,125168,166509,2116713,2171861,3399383,3757597,3388447,3751197,294208,148585,318930,175086,9841654,9972030
27032026,Pro,90763,84113,1366052,1351178,22417302,24948775,22444018,24884903,3883759,2755794,3884410,2693807,55462445,55342429
30032026,Client,245499,202156,1103727,1171456,62931924,68320828,62726614,68484003,1044190,860293,1128823,850920,134506461,134563972
30032026,DII,20282,15419,848265,893215,42,16122,644,16174,46767,18754,28837,7701,950232,961990
30032026,FII,99255,139710,732482,654589,13918939,12786244,14060959,12711269,80365,72324,101230,76600,27689609,27744357
30032026,Pro,151940,159691,1440269,1405483,149535546,131393636,149598234,131305384,2556805,1922576,2469237,1938726,287000772,286876755
01042026,Client,139390,140880,458278,428863,9954960,9193361,10003470,9229470,913777,400871,910989,382869,21060637,21096541
01042026,DII,2924,2631,65745,96981,400,444,0,0,2792,0,27594,3527,72305,130733
01042026,FII,33590,34365,379347,329264,2080700,1989612,2102653,1996870,88871,70624,94064,69757,4642744,4626973
01042026,Pro,54387,52415,472815,521077,11443591,10087149,11373528,10044226,1834107,1074632,1806900,1089974,24966681,24888120
02042026,Client,124169,125870,350073,378336,9859209,9084425,9959602,8998631,807124,448815,819233,456329,20673815,20738001
02042026,DII,9858,7201,77769,71839,681,1109,881,0,4072,2164,62613,428,95653,142962
02042026,FII,35554,38753,381779,359317,3027957,2449146,3023124,2481074,114702,61217,106359,57220,6070355,6065847
02042026,Pro,53532,51289,474845,474974,13520569,10524283,13424809,10579258,1737823,1071323,1675516,1069542,27382375,27275388
06042026,Client,104055,103517,336309,306135,30120109,23939272,30148840,23925353,1000046,411466,985439,393355,55911257,55862639
06042026,DII,6925,7961,74626,96027,720,3044,40,1208,2025,193,43694,1068,87533,149998
06042026,FII,23944,24386,336862,320969,4594850,4502721,4577946,4509179,141979,94829,140612,79846,9695185,9652938
06042026,Pro,47792,46852,443238,467904,36982963,29835912,36971816,29845209,1947482,1036101,1921787,1068320,70293488,70321888
07042026,Client,84055,93704,276855,293475,76851953,62645415,77134399,62430019,820095,334232,809238,338807,141012605,141099642
07042026,DII,157,8994,98182,65036,610,1908,666,926,1146,533,27610,1958,102536,105190
07042026,FII,33058,24031,322585,335169,13212768,10908842,13106403,11003100,112109,64661,108782,65286,24654023,24642771
07042026,Pro,49028,39569,381999,385941,135741325,131506990,135565188,131629110,1519927,848092,1507647,841467,270047361,269968922
08042026,Client,109141,126417,476253,503332,12149857,9421070,12150919,9323465,1599367,636969,1629323,594175,24392657,24327631
08042026,DII,4558,5284,155291,91898,2461,1052,5020,452,8338,1030,11698,1615,172730,115967
08042026,FII,49723,17688,520887,488822,1746094,1934102,1734157,1966419,149894,119191,157042,114406,4519891,4478534
08042026,Pro,44384,58417,588057,656436,12948149,12554367,12956465,12620255,2941806,1628385,2901342,1675379,30705148,30868294
09042026,Client,93353,81754,350119,327198,10153367,10705359,10114704,10878575,1156459,464181,1100706,475415,22922838,22978352
09042026,DII,1728,2239,94774,89629,0,2425,314,2608,2819,879,35653,872,102625,131315
09042026,FII,15442,15760,346942,355535,2272778,2255733,2303123,2212513,157502,114674,172931,105377,5163071,5165239
09042026,Pro,36064,46834,432767,452240,12641243,12829984,12649247,12699805,2087743,1202153,2095233,1200223,29229954,29143582
10042026,Client,72134,91694,353440,367389,21843433,18356333,21914852,18349642,1462286,545858,1451938,520791,42633484,42696306
10042026,DII,173,2922,94789,46103,0,22599,477,1705,1050,1179,17344,956,119790,69507
10042026,FII,35710,14219,358226,361193,3315848,3468338,3269294,3466790,181110,110972,194593,113165,7470204,7419254
10042026,Pro,33886,33068,444739,476509,24999076,23507688,24973734,23536821,2569358,1371166,2549929,1394263,52925913,52964324
13042026,Client,80767,82649,328042,316247,64551670,60027882,64643635,59973111,1173147,495779,1104963,528581,126657287,126649186
13042026,DII,3858,3375,93180,76084,627,4929,1003,10181,246,0,17691,219,102840,108553
13042026,FII,14132,16259,310881,358242,10023702,9827952,10109571,9966684,148760,97905,162534,90685,20423332,20703975
13042026,Pro,40925,37399,455178,436708,115478898,118263460,115300688,118174247,2123613,1287573,2160578,1261772,237649647,237371392
15042026,Client,64920,68735,379573,387719,9006307,8290953,8980191,8291624,1570263,619846,1576174,574766,19931862,19879209
15042026,DII,3466,1111,120875,88171,437,5140,0,6597,3582,75,33919,4338,133575,134136
15042026,FII,25056,17420,389020,378361,1405116,1741818,1419182,1757393,179318,115622,183396,118047,3855950,3873799
15042026,Pro,24307,30483,482482,517699,9511997,10277759,9524484,10260056,2806521,1574742,2766195,1613134,24677808,24712051
16042026,Client,74245,69666,415237,391115,9913593,9244530,9783847,9343526,1544800,586923,1492925,597819,21779328,21678898
16042026,DII,83,2606,168785,155342,600,4431,389,2463,1384,655,14272,1208,175938,176280
16042026,FII,15456,13727,383635,404150,2103490,2177353,2154096,2131958,229357,134925,239955,127185,5044216,5071071
16042026,Pro,28436,32221,512719,529769,11817447,12157907,11896798,12106274,2790154,1639388,2818543,1635679,28946051,29019284
17042026,Client,52933,63300,417736,419849,17964621,14427438,18153852,14316888,1875975,747700,1882303,724082,35486403,35560274
17042026,DII,90,1975,145774,138213,140,4879,374,411,1440,963,22254,314,153286,163541
17042026,FII,15415,7379,391077,380918,2415057,2242278,2340088,2291374,254729,139378,262375,148067,5457934,5430201
17042026,Pro,24808,20592,520048,535655,18943323,16487073,18828827,16552995,3315840,1930833,3281052,1946411,41221925,41165532
20042026,Client,74268,75772,394395,392223,24760993,23185272,24737832,23232509,1637433,645535,1588205,674924,50697896,50701465
20042026,DII,393,5280,190834,157587,1250,970,190,2652,4420,542,13724,3101,198409,182534
20042026,FII,15823,14631,347270,367511,4158238,4115517,4197551,4140617,259101,147166,268103,145454,9043115,9133867
20042026,Pro,39260,34061,482150,497328,35051617,31095810,35036525,31021791,2888109,1724385,2919031,1694149,71281331,71202885
21042026,Client,57049,81088,445994,445026,59171652,57071776,59425482,56837447,1613900,633090,1619658,625093,118993461,119033794
21042026,DII,4066,1220,267007,271258,1250,6106,332,1119,10087,2180,10786,2187,290696,286902
21042026,FII,24114,8301,374673,347672,7773202,8378036,7741672,8549477,267753,151066,267647,144920,16968844,17059689
21042026,Pro,30604,25224,449329,473047,103166646,110816970,102945264,110884845,3056167,1837899,3049816,1852035,219357615,219230231
22042026,Client,73033,55070,604010,520821,8311626,8396936,8199903,8535253,2223000,940487,2059108,978443,20549092,20348598
22042026,DII,789,1157,334626,336597,29,0,29,2550,5331,4588,29455,4284,345363,374072
22042026,FII,12179,21545,552144,618292,1497516,1651585,1574755,1605969,337706,206562,368718,191587,4257692,4380866
22042026,Pro,23317,31546,650100,665170,9358184,9665434,9392668,9570183,4285124,2667110,4393880,2644433,26649269,26697880
23042026,Client,86759,84156,778701,729843,8911859,7926723,8840292,8069660,2047734,841202,1960837,897293,20592978,20582081
23042026,DII,12395,16230,689820,678269,31,10,992,1200,6892,5025,23467,4744,714173,724902
23042026,FII,40350,47950,2467736,2541173,1982766,1880062,2021074,1850539,357885,204041,351743,192091,6932840,7004570
23042026,Pro,42192,33360,980340,967312,11804121,10203586,11836419,10088982,4350634,2662787,4427098,2618927,30043660,29972098
24042026,Client,93289,82174,860843,784165,17144497,18272313,17165171,18344476,2213096,1284083,2120713,1293644,39868121,39790343
24042026,DII,35719,37892,750486,803902,25,602,645,2300,17231,2935,19101,2306,806998,866146
24042026,FII,52806,65971,2668316,2697622,2540022,2331539,2519913,2323197,369594,203135,395327,240454,8165412,8242484
24042026,Pro,43848,39625,991859,985815,22073634,21574182,22072449,21508663,4701232,3133488,4766012,3087237,52518243,52459801
27042026,Client,90248,97860,960752,964098,27851805,25444850,27897679,25296717,2123325,968197,2293168,923985,57439177,57473507
27042026,DII,49837,50940,939976,946205,1270,15351,320,12051,27163,9457,18769,1915,1043054,1030200
27042026,FII,75834,77736,1902647,1869946,4379039,4691164,4356867,4747222,349532,202482,365628,202515,11600698,11619914
27042026,Pro,43298,32681,1097987,1121113,38872165,38281706,38849413,38377081,5055060,2732144,4877515,2783865,86082360,86041668
28042026,Client,131416,109943,986133,979053,70568283,74742302,70426786,75131465,1429661,676169,1543290,702531,148533964,148893068
28042026,DII,4208,6081,768084,749652,958,28080,700,15110,45341,14039,24710,2370,860710,798623
28042026,FII,40790,60209,611176,653578,11804391,12960963,11939725,12908304,125687,86784,137123,89048,25629791,25787987
28042026,Pro,51834,52015,1022177,1005287,133976289,137784740,133982710,137461206,2984509,1761180,2880075,1744223,277580729,277125516
29042026,Client,80075,87071,403354,407008,10684064,9558097,10740196,9536204,1235701,459261,1177126,474386,22420552,22421991
29042026,DII,967,683,77544,86836,4230,2466,320,2050,257,1634,31003,1214,87098,122106
29042026,FII,16188,16568,327164,318686,1752855,1906337,1767095,1916698,173505,123439,181868,117433,4299488,4318348
29042026,Pro,39440,32348,462988,458520,12831376,10971120,12764914,10983068,2202334,1284647,2221800,1275948,27791905,27736598
30042026,Client,88185,75589,397962,353438,10226705,9756486,10255367,9920434,1071879,447642,965482,509906,21988859,22080216
30042026,DII,823,7858,77064,116255,318,13842,3291,4536,71,1729,30257,481,93847,162678
30042026,FII,14696,28114,353981,384079,2568775,2525354,2573055,2499140,177449,107256,180989,107404,5747511,5772781
30042026,Pro,44701,36844,503314,478549,14322449,12585460,14286534,12457032,2077240,1324446,2149911,1263282,30857610,30672152
04052026,Client,73829,65465,396469,355633,33798905,33145697,33711629,33083370,1314156,474494,1235619,455036,69203550,68906752
04052026,DII,242,41,71458,108715,1040,9300,2056,50,31,225,62927,977,82296,174766
04052026,FII,11645,19741,356937,349905,5876440,6436502,5842668,6444635,171933,112952,185461,114799,12966409,12957209
04052026,Pro,33453,33922,477786,488397,44222063,52131048,44342095,52194492,2451484,1323520,2453597,1340379,100639354,100852882
05052026,Client,65633,62451,311765,279439,74593364,71472688,74858011,71397076,1100505,382106,1048443,393245,147926061,148038665
05052026,DII,84,3339,67809,83612,376,547,698,3474,159,1057,45752,1039,70032,137914
05052026,FII,7723,13284,305088,319654,12379419,11112883,12360377,11301537,170339,99607,178802,96891,24075059,24270545
05052026,Pro,32152,26518,390587,392544,147885561,127311529,147639634,127195560,2155678,1162095,2153684,1153690,278937602,278561630
06052026,Client,96741,108125,504174,477020,13159740,12309429,13343087,12241841,1742429,617926,1804225,593567,28430439,28567865
06052026,DII,842,202,79810,112256,514,2340,300,1906,224,1464,41113,1070,85194,156847
06052026,FII,23401,19863,399145,391377,2507412,2886957,2490348,2912844,262443,161470,260411,165168,6240828,6240011
06052026,Pro,52163,44957,562419,564895,16148133,16630824,15982064,16672959,3405356,1771946,3304703,1793001,38570841,38362579
07052026,Client,68039,58214,408769,363318,11193889,10029926,11084313,10174173,1497955,514863,1417004,516372,23713441,23613394
07052026,DII,1553,406,98789,68099,0,0,0,7200,109,600,17521,717,101051,93943
07052026,FII,11914,13267,319770,376900,2213006,2426957,2279486,2405175,217310,125886,215453,127652,5314843,5417933
07052026,Pro,30093,39712,463835,482846,13875374,13135505,13918470,13005840,2698447,1511365,2763843,1507973,31714619,31718684
08052026,Client,59908,50144,404178,357377,17970864,19085375,17921433,19107890,1742354,628088,1601190,656109,39890767,39694143
08052026,DII,2774,568,67920,81962,0,740,30,2326,4051,0,29464,205,75485,114555
08052026,FII,8501,22665,314611,373638,2754013,2957407,2747248,2949640,233540,126914,241802,126889,6394986,6461882
08052026,Pro,32945,30751,468706,442438,20544238,20828217,20600404,20811883,3052820,1702366,3160309,1674165,46629292,46719950
11052026,Client,72061,64710,353357,338309,27140706,29061488,27002595,29035406,1587358,661720,1415944,690326,58876690,58547290
11052026,DII,750,2177,71970,90390,75,1815,400,3515,657,244,23132,110,75511,119724
11052026,FII,14113,24970,325672,349900,4039885,4596218,4088507,4569575,259395,145407,278930,130128,9380690,9442010
11052026,Pro,37155,32222,464436,436836,38698637,37028334,38787801,37079359,3008850,1779174,3138254,1765981,81016586,81240453
12052026,Client,90612,69523,351823,365777,65979251,74610751,65827815,74866103,1441625,680857,1323130,711623,143154919,143163971
12052026,DII,281,2382,101742,91402,245,4098,1468,12308,3351,403,47401,392,110120,155353
12052026,FII,16848,33023,334981,349280,9368642,9067567,9517994,8964674,284941,166070,308788,141654,19239049,19315413
12052026,Pro,37677,40490,489173,471260,134698247,117076774,134699108,116916105,2943175,1763898,2993773,1757559,257008944,256878295
13052026,Client,71622,76152,383370,382835,11359892,11977889,11468904,11902624,1622388,771807,1597670,718914,26186968,26147099
13052026,DII,190,25,79107,98760,310,4290,340,2425,712,1667,20839,962,86276,123351
13052026,FII,17713,18443,392165,365045,2014247,2216443,2018256,2248344,300321,185627,303555,177782,5126516,5131425
13052026,Pro,41684,36589,543762,551764,13315338,13005220,13202287,13050449,3369988,1909029,3371345,1970472,32185021,32182906
14052026,Client,76302,84623,441854,438842,10974283,10602639,11143969,10524932,1896674,773561,1914482,737009,24765313,24843857
14052026,DII,350,4142,113672,79426,139,2755,74,1045,2287,452,17062,748,119655,102497
14052026,FII,29109,16846,370362,388497,2367047,2338231,2345083,2402650,369650,194328,383489,208981,5668727,5745546
14052026,Pro,41773,41923,573724,592847,14430478,13125581,14282821,13140579,4058417,2129793,4011995,2151396,34359766,34221561
15052026,Client,68348,75124,356602,370060,20180008,22377664,20272752,22504597,1880488,713094,1819523,733733,45576204,45775789
15052026,DII,138,355,120387,73384,40,1876,308,0,10002,57,20701,2547,132500,97295
15052026,FII,26853,17749,333139,344349,3525093,3723249,3549564,3711637,349532,198421,342479,196146,8156287,8161924
15052026,Pro,36301,38412,477612,499947,24219578,26374173,24102095,26260728,3622652,1972391,3679971,1951537,56702707,56532690
18052026,Client,74362,82736,348916,362594,32521683,30895685,32597164,30823220,1737973,832603,1726708,831910,66411222,66424332
18052026,DII,352,4399,163458,143319,667,10750,88,4236,4021,683,44796,1503,179931,198341
18052026,FII,28182,21541,350226,359085,5200082,5260950,5157929,5249027,415310,219045,419550,211212,11473795,11418344
18052026,Pro,43423,37643,489639,487241,52650544,41546662,52617795,41637564,3763321,2111823,3729571,2119529,100605412,100629343
19052026,Client,53156,47723,374321,365915,64667965,70019728,64262973,70291466,1774975,666330,1786361,684066,137556475,137438504
19052026,DII,1538,6,196020,172450,1960,280,350,2030,3933,2026,21611,2510,205757,198957
19052026,FII,12958,19372,381303,407653,9459719,11175822,9737547,11078906,431208,262363,425325,263797,21723373,21932600
19052026,Pro,26242,26793,472782,478408,124377924,140606820,124506698,140430248,3970302,2223612,3947121,2203958,271677682,271593226
20052026,Client,61896,59653,562680,533208,11037476,9424194,11158879,9337052,1783163,735034,1822718,727027,23604443,23638537
20052026,DII,2025,1741,476010,476472,860,1040,0,1400,1763,3018,19624,2919,484716,502156
20052026,FII,12474,18714,559444,585110,2484517,2057752,2501338,2107084,482291,264397,488546,265581,5860875,5966373
20052026,Pro,32895,29182,500740,504084,13872225,11014163,13734861,11051613,4022432,2254472,3958761,2261394,31696927,31539895
21052026,Client,74198,69079,814374,782775,10376683,9741223,10263410,9864923,1787627,713542,1819151,734695,23507647,23534033
21052026,DII,31670,31869,686654,686610,755,60,497,7289,3650,924,9298,2024,723713,737587
21052026,FII,34835,43505,2594725,2598525,2400589,2773699,2434495,2737724,494316,314310,487620,308251,8612474,8610120
21052026,Pro,43050,39300,883794,911637,14101820,15245352,14181445,15150398,4277025,2472290,4246549,2456096,37023331,36985425
22052026,Client,86040,87519,893871,895611,18733195,17564599,19023098,17515562,2248931,991562,2376279,963538,40518198,40861607
22052026,DII,40312,39789,817034,849802,10488,6404,800,0,24246,1435,10301,1667,899919,902359
22052026,FII,72238,66040,2728932,2670076,2861902,2828885,2767789,2849371,539121,290860,533198,294217,9321938,9180691
22052026,Pro,35924,41166,918706,943054,22196755,21752241,22010653,21787196,4782656,2498044,4675176,2522479,52184326,51979724
25052026,Client,94721,114353,982654,997186,24332981,22852828,24373050,22748651,2091584,967030,2243432,951772,51321798,51428444
25052026,DII,30691,28245,959804,955793,1563,7076,11525,7022,25259,10324,23795,6461,1034717,1032841
25052026,FII,60499,50484,1879403,1844609,4347463,3860728,4229348,3899231,367381,211586,361705,214415,10727060,10599792
25052026,Pro,48068,40897,956210,980483,32660654,33893234,32728738,33958962,4578391,2514030,4433683,2530322,74650587,74673085
26052026,Client,125640,113893,931288,949332,65919786,71594892,65592345,71875981,1411172,648057,1564495,672044,140630835,140768090
26052026,DII,11385,3623,615445,595675,70,12600,0,16075,46781,19555,32405,3251,705836,651029
26052026,FII,31918,52644,595489,570933,10404658,11266239,10668252,11242081,142657,95235,170373,96598,22536196,22800881
26052026,Pro,45745,44528,896396,922678,120528517,131718558,120592434,131458152,2763908,1517985,2597245,1508939,257471109,257123976
27052026,Client,52515,35498,399957,358874,8402519,8207238,8454895,8277501,1075907,393656,1015814,425038,18531792,18567620
27052026,DII,390,4768,58201,89791,4260,150,0,0,0,4726,25094,2366,67727,122019
27052026,FII,7792,17939,290470,301089,1712341,1830808,1719155,1828140,160831,91549,173612,86173,4093791,4126108
27052026,Pro,18758,21250,404731,403605,10727414,10750739,10672484,10683294,1781754,1025595,1803972,1001949,24708991,24586554
29052026,Client,90359,73927,496644,391885,19026788,22888324,18987344,22968973,1275307,458312,1138043,528466,44235734,44088638
29052026,DII,24697,21842,134916,289712,2625,1958,1560,0,0,0,19336,308,164196,332758
29052026,FII,10275,48572,741325,733581,3191611,3825897,3255066,3801621,199016,123497,217914,122723,8091621,8179477
29052026,Pro,65994,46984,680361,638068,24889610,29958532,24866664,29904117,2265759,1368421,2364789,1298733,59228677,59119355
01062026,Client,72712,53358,291389,295260,27615100,34649972,27493379,34659531,1061125,431019,914400,456190,64121317,63872118
01062026,DII,2004,4495,65918,76484,190,1230,140,10202,348,61,42490,550,69751,134361
01062026,FII,10846,32717,304449,310861,4587638,4850833,4570701,4818473,177158,107061,187722,103385,10037985,10023859
01062026,Pro,37656,32648,408420,387571,41418041,45253578,41556749,45267407,1895399,1118689,1989418,1096705,90131783,90330498
02062026,Client,81569,67830,327314,340498,82533546,81510220,82744679,81377489,1171182,463989,1140528,463197,166087820,166134221
02062026,DII,1596,3903,73716,151446,820,2880,150,3327,221,0,67154,332,79233,226312
02062026,FII,20005,26921,450720,355703,13019369,11611165,12987563,11751628,225998,136434,218709,127187,25463691,25467711
02062026,Pro,38095,42611,436296,440399,165945639,155489696,165766982,155481517,2184538,1141298,2155548,1151005,325235562,325038062
03062026,Client,108974,99414,357756,291037,13529223,13151681,13658265,13188166,1234821,507343,1125154,554504,28889798,28916540
03062026,DII,3774,221,67898,109401,535,110,30,110,128,100,27663,2702,72545,140127
03062026,FII,30303,59460,358715,402712,2843610,2888591,2815173,2845689,253507,147293,269998,120601,6522019,6513633
03062026,Pro,66613,50569,444991,426210,18068911,15838363,17968811,15844780,2141143,1261179,2206784,1238108,37821200,37735262
04062026,Client,55734,48150,274939,244973,11025035,10136162,11030423,10143687,998746,322692,942748,326641,22813308,22736622
04062026,DII,426,82,52315,87834,45,20,25,0,9,13,18173,803,52828,106917
04062026,FII,19659,24974,281654,283656,2258589,2414859,2281232,2435996,189368,113374,197213,105324,5277503,5328395
04062026,Pro,27589,30202,328122,320567,14236688,13203392,14208677,13174750,1720046,910007,1750035,913318,30425844,30397549
05062026,Client,81421,76642,303878,299671,24669272,25564864,24739651,25608245,1233765,404874,1133092,419308,52258074,52276609
05062026,DII,1308,693,50540,74766,265,66,112,106,536,0,11695,664,52715,88036
05062026,FII,19900,23038,270686,258526,3998912,4716106,4000982,4702745,235151,143583,250088,135843,9384338,9371222
05062026,Pro,52033,54289,399984,392125,30279712,31153979,30207416,31123919,2101539,1116751,2176116,1109393,65103998,65063258
08062026,Client,62382,59803,237034,274749,28464818,28779593,28358639,28788259,1047286,405130,922120,429025,58996243,58832595
08062026,DII,9490,2938,62494,63763,15,2236,45,2219,948,0,45546,1642,75183,116153
08062026,FII,9342,19250,228502,229731,4130862,4289739,4148739,4270531,124972,77874,135136,68295,8861291,8871682
08062026,Pro,37838,37061,359977,319764,39433843,33881353,39522115,33891912,1790770,1012922,1861174,996964,76516703,76628990
09062026,Client,62958,69399,284284,269619,72211242,68913462,72669154,68916337,1063498,379703,1055607,358495,142915147,143338611
09062026,DII,7077,962,45947,82380,50,1785,40,1785,2957,2313,30804,2481,60129,118452
09062026,FII,15107,14494,284230,245768,8915802,8961462,8758217,9048126,169323,105297,177499,97671,18451221,18341775
09062026,Pro,34357,34644,323650,340344,132043263,122529947,131742946,122440408,2009511,966104,1981379,994770,257906832,257534491
10062026,Client,61490,59713,286597,321615,11235454,10651655,11253333,10691010,1310812,466989,1224946,490518,24012997,24041135
10062026,DII,4380,851,87960,53552,290,2139,15,1619,5957,3721,20483,3586,104447,80106
10062026,FII,14466,9444,264654,273705,1886374,1831692,1897331,1827762,261164,152734,267848,140976,4411084,4417066
10062026,Pro,32505,42833,363512,353851,12746935,11978971,12718374,11944066,2272617,1200477,2337273,1188841,28595017,28585238
11062026,Client,53244,59762,229575,226532,10865483,10288934,10890474,10291875,1057795,433331,1006915,438654,22928362,22914212
11062026,DII,3154,667,75346,74479,0,1650,0,1650,4798,1873,21173,580,86821,98549
11062026,FII,19186,14190,243893,253945,2172165,2340149,2188664,2333298,245716,142067,265271,131048,5163176,5186416
11062026,Pro,27231,28196,321278,315136,14536717,12399576,14495227,12403486,2100865,1154616,2115815,1161605,30540283,30519465
12062026,Client,81121,100566,356748,360056,25321695,22844969,25488917,22786490,1474350,594078,1639711,552496,50672961,50928236
12062026,DII,7355,1622,69667,100326,2760,50,680,5492,1967,350,16422,375,82149,124917
12062026,FII,46080,22720,355451,290659,4143609,4014725,4058703,4009952,310792,186383,297038,199123,9057040,8878195
12062026,Pro,40206,49854,401998,432823,32147009,29910321,32066773,29968131,3033038,1576518,2866976,1605335,67109090,66989892
15062026,Client,61708,70927,370489,385758,30132537,29869554,29967652,29825926,1769852,657016,1727010,628206,62861156,62605479
15062026,DII,13711,1548,119649,78430,1763,75,50,935,3954,1800,9503,2861,140952,93327
15062026,FII,19440,17058,346959,340265,4103320,4937785,4146627,4935210,325513,194340,319547,209241,9927357,9967948
15062026,Pro,29515,34841,446216,478860,40252993,43417359,40376284,43462702,3256460,1838458,3299719,1851306,89241001,89503712
16062026,Client,33305,41573,295950,288642,65542638,60138025,65661273,60081996,1427308,525702,1430710,521101,127962928,128025295
16062026,DII,2,6140,75832,48938,3223,78,1200,102,10483,1569,6562,1401,91187,64343
16062026,FII,22296,10655,232942,259804,7911789,7459022,7914894,7703767,320096,169499,324886,166360,16115644,16380366
16062026,Pro,20186,17421,339620,346960,107838037,102498679,107718320,102309939,2595730,1501412,2591459,1509320,214793664,214493419
17062026,Client,38846,44831,362983,373714,9676557,8342184,9676864,8307540,1794876,703058,1782064,675898,20918504,20860911
17062026,DII,122,296,94850,62735,313,2300,2850,0,914,1274,8695,2251,99773,76827
17062026,FII,16472,11560,286192,299977,1345108,1439097,1376137,1442911,359701,191285,362387,197057,3637855,3690029
17062026,Pro,16699,15452,425443,433042,10184186,9383593,10150313,9416723,3099513,1768662,3101858,1789073,24878096,24906461
18062026,Client,49791,51310,375038,355414,10123478,9173052,10216231,9242700,1694900,623588,1673569,618553,22039847,22157777
18062026,DII,2463,526,99078,64182,601,4650,45,120,625,1737,9202,2189,109154,76264
18062026,FII,11205,7993,293573,336042,1848900,2123418,1826528,2108229,380057,222712,384370,213792,4879865,4876954
18062026,Pro,20201,23831,407671,419722,12738517,13215346,12668692,13165417,3153384,1743817,3161825,1757320,31278936,31196807
19062026,Client,65102,58226,424107,389123,18622054,19465113,18609084,19607163,2047944,728455,1929296,778932,41352775,41371824
19062026,DII,3190,276,151646,113911,15,0,0,2300,13394,1796,26514,1965,170041,144966
19062026,FII,11496,16443,420182,493754,2872827,3191411,2932468,3124384,371828,226254,392002,194485,7093998,7153536
19062026,Pro,26880,31723,524565,523712,24598416,25104779,24551760,25027456,3698771,2027062,3784125,2008185,55980473,55926961
22062026,Client,33664,41927,385601,397483,21472865,19702395,21406553,19623893,1866221,666123,1847465,629618,44126869,43946939
22062026,DII,208,5150,165179,139236,260,80,4010,30,4165,3131,4245,2663,173023,155334
22062026,FII,11916,8277,273625,296358,3212000,3040944,3207162,3023892,409309,221925,414997,220124,7169719,7170810
22062026,Pro,23344,13778,426957,418285,27060734,26284149,27128134,26379753,3425479,1811512,3438467,1850286,59032175,59228703
23062026,Client,73629,64213,547238,524617,72882098,74111754,72725769,74589693,1985756,752405,1954634,827233,150352880,150686159
23062026,DII,5555,5870,341741,330975,17620,844,140,2863,17022,457,5198,1015,383239,346061
23062026,FII,13312,19089,474280,490411,11107825,12181403,11233561,11982993,257596,154336,268616,141911,24188752,24136581
23062026,Pro,29155,32479,560696,577952,139875617,138655182,139923690,138373634,3891148,2158569,3923074,2095608,285170367,284926437
24062026,Client,93689,102978,816320,862375,13757204,11608028,13962946,11454368,2113570,907388,2217758,871476,29296199,29471901
24062026,DII,24290,25081,746134,707055,220,70,60,979,9166,5459,6596,4327,785339,744098
24062026,FII,65875,66367,2604295,2562880,2221411,2183119,2237183,2251965,279517,170822,269210,166641,7525039,7554246
24062026,Pro,43939,33367,1020873,1055312,16825172,14288432,16603818,14372337,4560264,2488181,4468953,2529406,39226861,39063193
25062026,Client,89144,92251,922733,947756,12510898,11368823,12484570,11515783,2256781,931908,2352645,927724,28080287,28320729
25062026,DII,23535,20611,1080773,1041626,110,520,20010,60,8451,4608,9618,2799,1117997,1094724
25062026,FII,88235,82991,2787230,2770696,2571190,2892826,2540337,2899591,285178,191772,285783,179171,8816431,8758569
25062026,Pro,39071,44132,977996,1008654,17039292,16504811,17076573,16351546,4849737,2673316,4752101,2691910,42084223,41924916
29062026,Client,97911,81607,1067961,1067411,30943222,35949720,30866819,35965728,1959829,1025743,2016260,1017545,71044386,71015370
29062026,DII,15495,14649,1268072,1260385,225,8626,160,3076,26426,8835,26553,4718,1327679,1309541
29062026,FII,83108,93750,2056429,2033129,4761247,5101873,4746707,5082298,719790,331834,743206,338621,13054281,13037711
29062026,Pro,39167,45675,1134468,1166005,42068364,47772488,42159372,47781605,5030061,3397244,4950087,3402772,99441792,99505516
30062026,Client,135165,107950,987700,992576,75958613,76460947,76047061,76815187,1544409,825526,1747706,813316,155912360,156523796
30062026,DII,14545,14664,778869,740517,129,7079,13,3383,36049,20065,33289,4673,856736,796539
30062026,FII,52322,94754,563935,591908,12168278,12134969,12217924,12152177,138358,108360,157331,113197,25166222,25327291
30062026,Pro,60442,45106,991821,997324,145732077,144010663,145594099,143642911,3215552,1938645,2996042,1961410,295949200,295236892
01072026,Client,38315,36899,318985,297223,11055090,9548800,11112376,9529699,1185213,424204,1086786,434418,22570607,22497401
01072026,DII,38,30,62007,64119,160,2470,25,0,187,965,63805,554,65827,128533
01072026,FII,8329,11978,254926,268171,1602749,1679752,1618771,1706504,112829,89589,129047,85296,3748174,3819767
01072026,Pro,17737,15512,368951,375356,11982776,10654692,11909603,10649511,2074601,1181581,2093192,1176071,26280338,26219245
02072026,Client,36217,45754,307640,324540,10421970,9420694,10497891,9300159,1075111,405185,1117159,400242,21666817,21685745
02072026,DII,3707,0,64787,69668,75,0,140,840,158,1217,26928,1532,69944,99108
02072026,FII,14087,10928,311107,273387,1973383,1963695,1949163,2027436,127427,92937,125846,83273,4482636,4470033
02072026,Pro,18164,15493,355346,371285,13663059,12583231,13611293,12639185,2016344,1098776,1949107,1113068,29734920,29699431
03072026,Client,40468,45757,339271,340745,19331141,19707743,19301209,19743331,1302701,460934,1248966,482640,41182258,41162648
03072026,DII,112,134,73703,69044,670,465,835,80,706,799,41185,2262,76455,113540
03072026,FII,13475,7342,301682,288902,2314134,2633504,2322707,2598371,179265,120553,195749,109062,5562613,5522133
03072026,Pro,20756,21578,396766,412731,22384789,23909727,22405983,23909657,2320937,1273133,2317709,1261455,50306108,50329113
